{"LightGBM": 0.1689766123198722, "ARIMA+GARCH": 0.16816693868923863, "CatBoost": 0.16606684134845234, "Random Forest": 0.159803039457185, "XGBoost": 0.1523855703734748, "SVR": 0.15178774531768965, "Amazon Chronos (AI)": 0.009358518226590564, "Informer": 0.006124892583086653, "DeepAR": 0.005124295471684707, "CNN-LSTM": 0.00453173965295721, "LSTM": 0.0038805922000646545, "GRU": 0.0037932143597035626}